Actual,Predicted
Ideologi,Politik
Pertahanan dan Keamanan,Politik
Pertahanan dan Keamanan,Pertahanan dan Keamanan
Politik,Politik
Sosial Budaya,Politik
Sosial Budaya,Politik
Politik,Politik
Politik,Politik
Politik,Politik
Demografi,Politik
Ekonomi,Ekonomi
Politik,Politik
Politik,Politik
Politik,Politik
Sosial Budaya,Politik
Sumber Daya Alam,Politik
Politik,Politik
Politik,Politik
Pertahanan dan Keamanan,Pertahanan dan Keamanan
Ideologi,Politik
Politik,Politik
Pertahanan dan Keamanan,Pertahanan dan Keamanan
Politik,Politik
Sumber Daya Alam,Ekonomi
Politik,Politik
Ideologi,Ideologi
Pertahanan dan Keamanan,Politik
Politik,Pertahanan dan Keamanan
Politik,Politik
Ekonomi,Ekonomi
Ideologi,Ideologi
Politik,Pertahanan dan Keamanan
Sosial Budaya,Politik
Politik,Politik
Politik,Politik
Politik,Politik
Politik,Politik
Politik,Demografi
Politik,Politik
Ekonomi,Politik
Ekonomi,Politik
Sosial Budaya,Politik
Politik,Politik
Demografi,Politik
Politik,Politik
Politik,Politik
Sosial Budaya,Politik
Politik,Politik
Politik,Politik
Politik,Politik
Politik,Politik
Ideologi,Politik
Sosial Budaya,Politik
Politik,Politik
Ideologi,Politik
Demografi,Politik
Sosial Budaya,Politik
Politik,Politik
Politik,Politik
Sosial Budaya,Politik
Pertahanan dan Keamanan,Politik
Pertahanan dan Keamanan,Politik
Sosial Budaya,Politik
Pertahanan dan Keamanan,Pertahanan dan Keamanan
Politik,Politik
Geografi,Demografi
Politik,Politik
Pertahanan dan Keamanan,Politik
Politik,Demografi
Politik,Politik
Ideologi,Ideologi
Politik,Politik
Pertahanan dan Keamanan,Pertahanan dan Keamanan
Politik,Politik
Ideologi,Politik
Politik,Politik
Politik,Politik
Politik,Politik
Politik,Politik
Sosial Budaya,Politik
Ekonomi,Demografi
Ideologi,Politik
Politik,Politik
Politik,Politik
Sosial Budaya,Politik
Politik,Politik
Politik,Demografi
Sosial Budaya,Politik
Politik,Politik
Sosial Budaya,Politik
Ideologi,Ideologi
Politik,Politik
Politik,Demografi
Sosial Budaya,Politik
Politik,Politik
Politik,Politik
Politik,Politik
Sosial Budaya,Politik
Pertahanan dan Keamanan,Pertahanan dan Keamanan
Politik,Politik
Politik,Sosial Budaya
Politik,Pertahanan dan Keamanan
Politik,Politik
Politik,Politik
Politik,Politik
Politik,Pertahanan dan Keamanan
Ideologi,Politik
Politik,Politik
Politik,Politik
Sosial Budaya,Politik
Politik,Politik
Sumber Daya Alam,Geografi
Politik,Politik
Sosial Budaya,Politik
Demografi,Politik
Politik,Politik
Politik,Politik
Sumber Daya Alam,Sumber Daya Alam
Sosial Budaya,Politik
Pertahanan dan Keamanan,Politik
Demografi,Demografi
Politik,Politik
Sosial Budaya,Politik
Sosial Budaya,Politik
Sumber Daya Alam,Sumber Daya Alam
Politik,Politik
Politik,Politik
Ideologi,Politik
Politik,Politik
Pertahanan dan Keamanan,Pertahanan dan Keamanan
Sosial Budaya,Ideologi
Politik,Politik
Demografi,Politik
Politik,Politik
Sosial Budaya,Politik
Pertahanan dan Keamanan,Pertahanan dan Keamanan
Sosial Budaya,Politik
Politik,Politik
Politik,Politik
Politik,Politik
Pertahanan dan Keamanan,Politik
Politik,Politik
Sosial Budaya,Politik
Politik,Politik
Politik,Politik
Politik,Demografi
Politik,Politik
Ekonomi,Ekonomi
Ekonomi,Ekonomi
Politik,Politik
Politik,Politik
Politik,Politik
Politik,Politik
Pertahanan dan Keamanan,Pertahanan dan Keamanan
Sumber Daya Alam,Politik
Politik,Politik
Politik,Politik
Politik,Politik
Politik,Politik
Politik,Pertahanan dan Keamanan
Politik,Politik
Politik,Politik
Politik,Politik
Politik,Politik
Pertahanan dan Keamanan,Pertahanan dan Keamanan
Pertahanan dan Keamanan,Politik
Politik,Demografi
Sosial Budaya,Politik
Politik,Politik
Politik,Politik
Sosial Budaya,Politik
Pertahanan dan Keamanan,Pertahanan dan Keamanan
Pertahanan dan Keamanan,Politik
Sosial Budaya,Politik
Politik,Politik
Politik,Geografi
Politik,Politik
Politik,Politik
Politik,Politik
Pertahanan dan Keamanan,Pertahanan dan Keamanan
Politik,Politik
Politik,Politik
Politik,Geografi
Politik,Politik
Ekonomi,Politik
Politik,Politik
Politik,Politik
Sosial Budaya,Politik
Politik,Politik
Politik,Pertahanan dan Keamanan
Pertahanan dan Keamanan,Politik
Politik,Politik
Sumber Daya Alam,Politik
Ideologi,Politik
Politik,Politik
Pertahanan dan Keamanan,Politik
Politik,Politik
Ideologi,Politik
Pertahanan dan Keamanan,Politik
Sosial Budaya,Politik
Politik,Politik
Politik,Politik
Politik,Politik
Pertahanan dan Keamanan,Politik
Politik,Politik
Sumber Daya Alam,Politik
Politik,Politik
Politik,Politik
Ekonomi,Politik
Pertahanan dan Keamanan,Politik
Politik,Politik
Politik,Politik
Politik,Politik
Sosial Budaya,Politik
Politik,Politik
Politik,Politik
Politik,Politik
Politik,Politik
Politik,Politik
Politik,Politik
Sosial Budaya,Politik
Sosial Budaya,Politik
Politik,Politik
Politik,Politik
Politik,Politik
Ekonomi,Politik
Sumber Daya Alam,Politik
Politik,Politik
Politik,Politik
Politik,Politik
Pertahanan dan Keamanan,Pertahanan dan Keamanan
Politik,Politik
Politik,Politik
Politik,Politik
Politik,Politik
Politik,Politik
Sosial Budaya,Politik
Politik,Politik
Politik,Geografi
Ideologi,Ideologi
Politik,Politik
Politik,Demografi
Ideologi,Ideologi
Ideologi,Ideologi
Politik,Politik
Sosial Budaya,Politik
Politik,Demografi
Ideologi,Ideologi
Pertahanan dan Keamanan,Politik
Politik,Politik
Pertahanan dan Keamanan,Politik
Politik,Politik
Politik,Pertahanan dan Keamanan
Politik,Geografi
Politik,Politik
Pertahanan dan Keamanan,Pertahanan dan Keamanan
Politik,Politik
Politik,Politik
Ekonomi,Ekonomi
Sosial Budaya,Politik
Politik,Politik
Politik,Politik
Politik,Politik
Sumber Daya Alam,Politik
Politik,Politik
Sumber Daya Alam,Sosial Budaya
Pertahanan dan Keamanan,Pertahanan dan Keamanan
Ideologi,Politik
Politik,Politik
Politik,Politik
Politik,Politik
Pertahanan dan Keamanan,Politik
Sosial Budaya,Politik
Pertahanan dan Keamanan,Pertahanan dan Keamanan
Politik,Politik
Politik,Politik
Politik,Politik
Politik,Politik
Politik,Politik
Politik,Politik
Politik,Politik
Sosial Budaya,Politik
Politik,Politik
Ideologi,Politik
Sosial Budaya,Politik
Politik,Politik
Politik,Politik
Ideologi,Politik
Politik,Politik
Politik,Politik
Politik,Politik
Politik,Politik
Sosial Budaya,Politik
Politik,Politik
Politik,Politik
Politik,Ekonomi
Politik,Politik
Sumber Daya Alam,Politik
Politik,Politik
Politik,Pertahanan dan Keamanan
Politik,Politik
Ideologi,Politik
Ekonomi,Politik
Sosial Budaya,Politik
Politik,Politik
Politik,Politik
Ideologi,Politik
Politik,Politik
Politik,Politik
Politik,Politik
Politik,Politik
Politik,Politik
Politik,Demografi
Politik,Politik
Politik,Politik
Politik,Politik
Politik,Politik
Pertahanan dan Keamanan,Politik
Sosial Budaya,Politik
Politik,Politik
Politik,Politik
Politik,Demografi
Sosial Budaya,Politik
Ideologi,Politik
Politik,Politik
Politik,Politik
Politik,Politik
Politik,Pertahanan dan Keamanan
Sosial Budaya,Politik
Politik,Politik
Politik,Politik
Sosial Budaya,Politik
Politik,Politik
Politik,Politik
Politik,Politik
Politik,Politik
Sosial Budaya,Politik
Politik,Politik
Sosial Budaya,Politik
Politik,Politik
Pertahanan dan Keamanan,Politik
Pertahanan dan Keamanan,Pertahanan dan Keamanan
Ekonomi,Politik
Ideologi,Politik
Ideologi,Politik
Politik,Politik
Politik,Politik
Politik,Politik
Sosial Budaya,Politik
Politik,Politik
Ideologi,Politik
Pertahanan dan Keamanan,Pertahanan dan Keamanan
Politik,Politik
Ekonomi,Politik
Pertahanan dan Keamanan,Pertahanan dan Keamanan
Politik,Politik
Politik,Politik
Pertahanan dan Keamanan,Politik
Ekonomi,Ekonomi
Politik,Politik
Sosial Budaya,Politik
Politik,Politik
Politik,Politik
Ideologi,Ideologi
Politik,Politik
Ideologi,Ideologi
Politik,Politik
Politik,Politik
Sumber Daya Alam,Ekonomi
Politik,Politik
Politik,Demografi
Pertahanan dan Keamanan,Pertahanan dan Keamanan
Pertahanan dan Keamanan,Pertahanan dan Keamanan
Politik,Politik
Politik,Sumber Daya Alam
Pertahanan dan Keamanan,Politik
Politik,Politik
Politik,Politik
Politik,Politik
Politik,Politik
Politik,Politik
Politik,Politik
Sosial Budaya,Politik
Pertahanan dan Keamanan,Pertahanan dan Keamanan
Politik,Ideologi
Politik,Pertahanan dan Keamanan
Ekonomi,Politik
Ekonomi,Politik
Politik,Politik
Politik,Politik
Politik,Demografi
Politik,Politik
Politik,Politik
Politik,Politik
Politik,Demografi
Pertahanan dan Keamanan,Pertahanan dan Keamanan
Politik,Sumber Daya Alam
Politik,Politik
Politik,Politik
Politik,Politik
Ideologi,Ekonomi
Politik,Pertahanan dan Keamanan
Ideologi,Politik
Politik,Politik
Politik,Politik
Ideologi,Politik
Politik,Politik
Sumber Daya Alam,Ekonomi
Sosial Budaya,Politik
Ideologi,Ideologi
Politik,Politik
Politik,Demografi
Politik,Demografi
Pertahanan dan Keamanan,Politik
Politik,Politik
Politik,Politik
Politik,Politik
Politik,Politik
Politik,Politik
Sosial Budaya,Politik
Ideologi,Politik
Pertahanan dan Keamanan,Politik
Politik,Politik
Politik,Politik
Politik,Demografi
Sumber Daya Alam,Politik
Politik,Politik
Politik,Politik
Politik,Politik
Politik,Politik
Demografi,Politik
Ideologi,Ideologi
Sosial Budaya,Politik
Politik,Politik
Pertahanan dan Keamanan,Politik
Politik,Politik
Sosial Budaya,Politik
Politik,Politik
Politik,Politik
Politik,Politik
Politik,Demografi
Politik,Politik
Ideologi,Politik
Politik,Politik
Sosial Budaya,Politik
Politik,Politik
Politik,Ekonomi
Ideologi,Politik
Ekonomi,Ekonomi
Politik,Politik
Politik,Politik
Politik,Politik
Politik,Politik
Sosial Budaya,Politik
Ideologi,Ideologi
Politik,Politik
Politik,Politik
Ekonomi,Ekonomi
Pertahanan dan Keamanan,Ekonomi
Politik,Politik
Politik,Politik
Ekonomi,Ekonomi
Ideologi,Politik
Politik,Politik
Politik,Politik
Ekonomi,Politik
Pertahanan dan Keamanan,Politik
Sosial Budaya,Politik
Pertahanan dan Keamanan,Pertahanan dan Keamanan
Ideologi,Geografi
Politik,Politik
Politik,Politik
Politik,Politik
Sumber Daya Alam,Politik
Politik,Politik
Ekonomi,Politik
Politik,Politik
Ekonomi,Politik
Sumber Daya Alam,Geografi
Politik,Politik
Politik,Demografi
Politik,Geografi
Ekonomi,Politik
Sumber Daya Alam,Politik
Politik,Politik
Politik,Politik
Pertahanan dan Keamanan,Politik
Politik,Politik
Politik,Ekonomi
Politik,Politik
Sosial Budaya,Demografi
Ideologi,Politik
Politik,Politik
Sosial Budaya,Politik
Ekonomi,Ekonomi
Ideologi,Demografi
Politik,Politik
Politik,Politik
Ideologi,Politik
Politik,Politik
Pertahanan dan Keamanan,Politik
Politik,Politik
Pertahanan dan Keamanan,Pertahanan dan Keamanan
Politik,Sumber Daya Alam
Pertahanan dan Keamanan,Pertahanan dan Keamanan
Politik,Politik
Politik,Politik
Politik,Politik
Demografi,Politik
Politik,Politik
Politik,Politik
Pertahanan dan Keamanan,Politik
Ekonomi,Politik
Politik,Politik
Pertahanan dan Keamanan,Pertahanan dan Keamanan
Politik,Politik
Politik,Politik
Politik,Politik
Politik,Politik
Politik,Politik
Politik,Sumber Daya Alam
Politik,Politik
Pertahanan dan Keamanan,Pertahanan dan Keamanan
Politik,Politik
Politik,Politik
Politik,Politik
Politik,Politik
Sosial Budaya,Politik
Politik,Politik
Politik,Politik
Politik,Politik
Politik,Politik
Ekonomi,Ekonomi
Sosial Budaya,Politik
Sosial Budaya,Politik
Politik,Politik
Ideologi,Politik
Politik,Politik
Politik,Politik
Politik,Politik
Ideologi,Politik
Politik,Politik
Ideologi,Politik
Demografi,Politik
Politik,Politik
Politik,Politik
Politik,Pertahanan dan Keamanan
Sosial Budaya,Politik
Sosial Budaya,Politik
Ekonomi,Politik
Politik,Politik
Ideologi,Politik
Politik,Politik
Ekonomi,Ekonomi
Politik,Politik
Politik,Politik
Sumber Daya Alam,Sumber Daya Alam
Politik,Politik
Politik,Politik
Politik,Politik
Politik,Politik
Politik,Politik
Politik,Politik
Politik,Politik
Pertahanan dan Keamanan,Politik
Politik,Politik
Politik,Politik
Pertahanan dan Keamanan,Politik
Ekonomi,Ekonomi
Politik,Politik
Ekonomi,Politik
Ekonomi,Politik
Politik,Politik
Politik,Politik
Politik,Politik
Politik,Politik
Politik,Politik
Pertahanan dan Keamanan,Politik
Politik,Politik
Sosial Budaya,Politik
Politik,Politik
Sosial Budaya,Politik
Ekonomi,Ekonomi
Sumber Daya Alam,Politik
Politik,Politik
Politik,Politik
Politik,Politik
Politik,Politik
Politik,Politik
Sosial Budaya,Politik
Sosial Budaya,Politik
Sosial Budaya,Politik
Sosial Budaya,Politik
Politik,Politik
Sosial Budaya,Politik
Sosial Budaya,Politik
Sumber Daya Alam,Politik
Politik,Politik
Sosial Budaya,Politik
Ideologi,Ideologi
Politik,Politik
Politik,Politik
Politik,Politik
Politik,Politik
Politik,Politik
Politik,Politik
Politik,Politik
Ideologi,Politik
Politik,Politik
Politik,Politik
Ekonomi,Politik
Politik,Politik
Pertahanan dan Keamanan,Politik
Pertahanan dan Keamanan,Politik
Politik,Politik
Politik,Politik
Politik,Politik
Politik,Politik
Sosial Budaya,Politik
Politik,Politik
Politik,Politik
Politik,Politik
Demografi,Politik
Ekonomi,Politik
Pertahanan dan Keamanan,Pertahanan dan Keamanan
Politik,Politik
Sosial Budaya,Politik
Politik,Politik
Ideologi,Politik
Politik,Politik
Politik,Politik
Ekonomi,Politik
Geografi,Politik
Politik,Politik
Sosial Budaya,Politik
Ekonomi,Politik
Politik,Politik
Pertahanan dan Keamanan,Pertahanan dan Keamanan
Sosial Budaya,Geografi
Ekonomi,Politik
Demografi,Demografi
Pertahanan dan Keamanan,Politik
Politik,Demografi
Politik,Politik
Politik,Politik
Politik,Politik
Politik,Politik
Politik,Demografi
Politik,Politik
Politik,Politik
Sosial Budaya,Politik
Sosial Budaya,Politik
Sosial Budaya,Politik
Politik,Politik
Politik,Politik
Sosial Budaya,Politik
Pertahanan dan Keamanan,Politik
Politik,Politik
Politik,Geografi
Politik,Ekonomi
Politik,Politik
Pertahanan dan Keamanan,Pertahanan dan Keamanan
Politik,Politik
Politik,Politik
Ideologi,Politik
Pertahanan dan Keamanan,Pertahanan dan Keamanan
Politik,Politik
Ideologi,Ideologi
Ideologi,Politik
Politik,Politik
Politik,Politik
Sosial Budaya,Politik
Politik,Politik
Politik,Politik
Politik,Politik
Sosial Budaya,Sosial Budaya
Sosial Budaya,Politik
Sumber Daya Alam,Politik
Ekonomi,Politik
Politik,Politik
Politik,Politik
Ekonomi,Politik
Politik,Politik
Politik,Politik
Politik,Politik
Sumber Daya Alam,Politik
Politik,Politik
Sosial Budaya,Politik
Politik,Geografi
Politik,Politik
Politik,Politik
Sosial Budaya,Politik
Ideologi,Politik
Politik,Politik
Politik,Politik
Politik,Politik
Politik,Politik
Ideologi,Ideologi
Politik,Politik
Politik,Politik
Politik,Politik
Politik,Politik
Politik,Politik
Sosial Budaya,Politik
Pertahanan dan Keamanan,Pertahanan dan Keamanan
Politik,Ekonomi
Politik,Politik
Politik,Politik
Pertahanan dan Keamanan,Pertahanan dan Keamanan
Politik,Politik
Sumber Daya Alam,Ekonomi
Politik,Politik
Politik,Politik
Ideologi,Politik
Ekonomi,Ekonomi
Sosial Budaya,Politik
Politik,Demografi
Politik,Politik
Politik,Politik
Politik,Politik
Politik,Politik
Ideologi,Ideologi
Sosial Budaya,Politik
Politik,Politik
Politik,Politik
Politik,Politik
Politik,Politik
Politik,Politik
Sosial Budaya,Politik
Politik,Politik
Sosial Budaya,Politik
Sumber Daya Alam,Sosial Budaya
Ideologi,Politik
Pertahanan dan Keamanan,Pertahanan dan Keamanan
Politik,Politik
Politik,Politik
Politik,Politik
Sumber Daya Alam,Politik
Politik,Politik
Politik,Politik
Sosial Budaya,Politik
Politik,Politik
Politik,Politik
Ideologi,Politik
Politik,Politik
Ekonomi,Ekonomi
Politik,Politik
Politik,Politik
Pertahanan dan Keamanan,Pertahanan dan Keamanan
Ideologi,Politik
Politik,Demografi
Ekonomi,Politik
Pertahanan dan Keamanan,Politik
Ideologi,Ideologi
Politik,Politik
Ideologi,Politik
Politik,Politik
Politik,Politik
Ekonomi,Ekonomi
Sosial Budaya,Politik
Sumber Daya Alam,Demografi
Politik,Ekonomi
Politik,Politik
Sosial Budaya,Politik
Pertahanan dan Keamanan,Demografi
Ideologi,Politik
Politik,Politik
Ideologi,Ideologi
Geografi,Politik
Politik,Politik
Politik,Politik
Politik,Politik
Politik,Politik
Politik,Politik
Politik,Politik
Sosial Budaya,Politik
Ideologi,Pertahanan dan Keamanan
Pertahanan dan Keamanan,Pertahanan dan Keamanan
Pertahanan dan Keamanan,Pertahanan dan Keamanan
Sosial Budaya,Politik
Politik,Politik
Pertahanan dan Keamanan,Politik
Politik,Politik
Politik,Politik
Politik,Politik
Politik,Politik
Politik,Politik
Demografi,Politik
Politik,Politik
Politik,Politik
Ideologi,Politik
Politik,Politik
Politik,Politik
Pertahanan dan Keamanan,Politik
Politik,Geografi
Politik,Politik
Politik,Politik
Ideologi,Politik
Sosial Budaya,Politik
Politik,Politik
Sumber Daya Alam,Politik
Politik,Politik
Politik,Politik
Sosial Budaya,Politik
Sumber Daya Alam,Sumber Daya Alam
Politik,Demografi
Sosial Budaya,Politik
Sosial Budaya,Sumber Daya Alam
Sosial Budaya,Politik
Politik,Politik
Politik,Politik
Politik,Politik
Sosial Budaya,Geografi
Sosial Budaya,Politik
Ekonomi,Politik
Politik,Sumber Daya Alam
Politik,Politik
Ekonomi,Ekonomi
Pertahanan dan Keamanan,Politik
Politik,Pertahanan dan Keamanan
Sosial Budaya,Politik
Politik,Politik
Sumber Daya Alam,Ekonomi
Politik,Politik
Politik,Politik
Politik,Politik
Politik,Politik
Politik,Politik
Sumber Daya Alam,Ekonomi
Politik,Politik
Politik,Politik
Sosial Budaya,Sosial Budaya
Politik,Politik
Politik,Politik
Ekonomi,Ekonomi
Sumber Daya Alam,Politik
Pertahanan dan Keamanan,Pertahanan dan Keamanan
Politik,Politik
Politik,Politik
Ekonomi,Ekonomi
Sosial Budaya,Politik
Ideologi,Politik
Politik,Politik
Politik,Politik
Politik,Politik
Sosial Budaya,Politik
Ekonomi,Politik
Politik,Politik
Politik,Pertahanan dan Keamanan
Ideologi,Politik
Politik,Politik
Politik,Politik
Ekonomi,Ekonomi
Politik,Ekonomi
Politik,Politik
Politik,Politik
Ekonomi,Politik
Politik,Politik
Ideologi,Politik
Politik,Politik
Politik,Politik
Pertahanan dan Keamanan,Pertahanan dan Keamanan
Pertahanan dan Keamanan,Pertahanan dan Keamanan
Ekonomi,Politik
Sumber Daya Alam,Politik
Politik,Politik
Politik,Politik
Politik,Politik
Politik,Politik
Politik,Politik
Politik,Politik
Politik,Politik
Pertahanan dan Keamanan,Politik
Politik,Politik
Politik,Politik
Sumber Daya Alam,Politik
Pertahanan dan Keamanan,Pertahanan dan Keamanan
Politik,Politik
Politik,Politik
Sosial Budaya,Politik
Politik,Politik
Ideologi,Politik
Ekonomi,Politik
Politik,Politik
Sosial Budaya,Politik
Politik,Politik
Pertahanan dan Keamanan,Politik
Pertahanan dan Keamanan,Politik
Politik,Politik
Politik,Politik
Ideologi,Politik
Politik,Politik
Sosial Budaya,Politik
Politik,Politik
Ideologi,Politik
Ekonomi,Politik
Politik,Demografi
Politik,Politik
Sumber Daya Alam,Pertahanan dan Keamanan
Ideologi,Ideologi
Pertahanan dan Keamanan,Politik
Politik,Politik
Geografi,Politik
Politik,Politik
Pertahanan dan Keamanan,Politik
Sosial Budaya,Politik
Sosial Budaya,Politik
Politik,Sumber Daya Alam
Politik,Geografi
Politik,Politik
Politik,Politik
Pertahanan dan Keamanan,Pertahanan dan Keamanan
Politik,Politik
Politik,Politik
Sosial Budaya,Politik
Politik,Politik
Politik,Politik
Politik,Politik
Politik,Politik
Politik,Politik
Ekonomi,Politik
Politik,Politik
Politik,Politik
Sosial Budaya,Politik
Politik,Politik
Ideologi,Ideologi
Politik,Politik
Politik,Politik
Sumber Daya Alam,Politik
Ideologi,Politik
Politik,Politik
Ekonomi,Geografi
Pertahanan dan Keamanan,Pertahanan dan Keamanan
Ekonomi,Politik
Politik,Politik
Politik,Politik
Sumber Daya Alam,Ekonomi
Sumber Daya Alam,Politik
Politik,Politik
Politik,Politik
Politik,Politik
Politik,Politik
Politik,Politik
Pertahanan dan Keamanan,Politik
Politik,Politik
Politik,Politik
Politik,Politik
Politik,Politik
Politik,Politik
Sosial Budaya,Politik
Politik,Politik
Politik,Geografi
Sosial Budaya,Politik
Sosial Budaya,Demografi
Politik,Politik
Sosial Budaya,Politik
Politik,Politik
Politik,Geografi
Politik,Politik
Ideologi,Politik
Sosial Budaya,Politik
Politik,Politik
Politik,Politik
Politik,Politik
Ideologi,Politik
Politik,Politik
Politik,Politik
Pertahanan dan Keamanan,Politik
Politik,Politik
Politik,Politik
Ekonomi,Ekonomi
Politik,Politik
Pertahanan dan Keamanan,Pertahanan dan Keamanan
Politik,Politik
Politik,Politik
Ekonomi,Politik
Pertahanan dan Keamanan,Politik
Ideologi,Politik
Politik,Politik
Sumber Daya Alam,Sumber Daya Alam
Demografi,Politik
Politik,Ideologi
Politik,Politik
Ideologi,Politik
Politik,Politik
Politik,Politik
Politik,Pertahanan dan Keamanan
Sosial Budaya,Politik
Politik,Politik
Pertahanan dan Keamanan,Pertahanan dan Keamanan
Pertahanan dan Keamanan,Politik
Politik,Politik
Sumber Daya Alam,Geografi
Politik,Politik
Sumber Daya Alam,Sumber Daya Alam
Politik,Politik
Politik,Demografi
Politik,Politik
Politik,Politik
Ideologi,Politik
